Product_number,,,,,,,,,,
1,226,234,34,90,246,247,97,145,52,223
2,55,229,10,200,55,127,118,91,55,71
3,97,103,47,130,81,16,155,56,28,97
4,232,96,165,36,223,191,186,204,133,112
5,132,185,9,35,232,172,82,111,110,202
6,247,70,178,108,56,143,54,36,128,123
7,102,224,6,134,98,34,206,216,104,39
8,49,223,26,234,162,61,86,39,131,164
9,109,105,47,232,159,98,154,14,246,165
10,225,170,187,76,167,83,246,128,82,229
11,140,9,106,239,116,128,141,171,18,128
12,166,161,248,46,200,175,131,203,130,196
13,111,86,233,248,232,121,53,216,150,13
14,160,50,246,219,45,159,201,165,84,166
15,56,162,10,32,247,241,216,137,69,127
16,17,212,175,246,110,127,59,44,121,4
17,28,23,124,213,201,150,178,217,118,116
18,150,212,247,86,175,25,189,135,62,104
19,149,203,1,215,159,110,106,133,170,64
20,186,151,143,106,173,40,196,63,249,3
21,220,108,125,176,58,92,136,122,194,203
22,92,174,55,84,177,200,76,230,237,198
23,1,101,103,202,48,228,41,127,187,199
24,123,14,150,81,76,126,97,108,157,191
25,60,67,107,33,248,59,123,12,144,84
26,243,15,173,30,178,53,242,24,157,194
27,93,29,46,144,100,23,38,124,228,77
28,126,132,232,76,21,68,224,50,26,198
29,77,107,204,33,129,133,94,31,144,110
30,49,238,236,21,3,85,145,78,248,184
31,112,162,95,75,228,192,62,17,88,226
32,84,50,151,82,78,241,124,150,12,119
33,95,34,13,96,210,166,68,42,244,205
34,77,43,171,63,111,133,51,182,135,38
35,184,24,226,2,217,25,151,7,84,143
36,129,189,115,11,167,229,245,1,205,68
37,1,118,48,180,151,71,73,197,220,120
38,158,229,150,159,84,120,167,27,209,82
39,170,185,225,243,221,74,84,227,156,188
40,48,169,121,167,23,119,13,140,26,127
41,57,90,163,178,160,5,139,107,69,27
42,212,57,89,175,219,207,124,240,73,46
43,207,46,119,236,237,181,26,249,118,196
44,238,160,127,98,20,133,123,11,69,141
45,59,129,86,41,140,226,176,100,232,42
46,229,97,216,135,189,156,187,113,14,87
47,52,240,83,200,36,10,232,95,95,150
48,139,68,238,213,77,94,138,118,148,190
49,26,212,24,249,139,179,211,188,16,128
50,29,104,57,210,180,45,33,31,22,58
51,83,86,215,84,21,119,177,212,143,147
52,226,46,190,242,13,148,5,135,100,187
53,111,174,240,50,162,173,22,11,169,200
54,30,44,98,203,131,105,224,174,67,114
55,99,95,214,38,198,163,234,15,236,121
56,71,19,222,158,87,173,104,85,193,3
57,223,71,37,144,89,20,169,219,119,99
58,184,241,208,38,80,102,40,108,40,192
59,120,163,249,167,67,60,228,234,124,219
60,131,164,176,13,210,224,225,144,101,120
61,239,73,66,100,72,134,59,228,170,147
62,188,123,65,13,233,188,149,222,156,179
63,108,59,219,164,248,80,151,98,206,233
64,205,166,154,185,42,141,44,231,142,110
65,82,106,19,145,109,232,224,237,158,108
66,119,205,81,67,94,168,29,108,67,229
67,157,139,64,142,62,156,119,96,39,42
68,161,244,165,18,246,39,243,100,161,76
69,203,6,58,90,41,2,102,228,56,208
70,93,185,185,144,99,45,53,201,39,215
71,180,134,25,80,200,221,237,183,183,57
72,240,110,225,63,12,215,67,155,172,100
73,102,172,51,238,153,58,159,184,154,81
74,49,44,47,233,175,27,183,19,92,186
75,248,181,217,114,155,222,137,134,223,2
